date,BTC_Daily_Close_USD,MA_3,MA_7,weekly_average
2020-08-21,11878.0,,,
2020-08-20,11888.0,,,
2020-08-19,12020.08,11928.693333333335,,
2020-08-18,12387.77,12098.616666666669,,
2020-08-17,12468.0,12291.950000000003,,
2020-08-16,11931.72,12262.496666666668,,11882.07857142857
2020-08-15,11980.0,12126.573333333334,12079.08142857143,
2020-08-14,11850.0,11920.573333333334,12075.08142857143,
2020-08-13,11792.96,11874.32,12061.504285714285,
2020-08-12,11617.52,11753.493333333332,12003.995714285715,
2020-08-11,11935.0,11781.826666666666,11939.314285714285,
2020-08-10,12067.35,11873.289999999999,11882.078571428572,
2020-08-09,11797.11,11933.15333333333,11862.848571428573,11726.318571428574
2020-08-08,11808.27,11890.909999999998,11838.315714285714,
2020-08-07,11909.94,11838.44,11846.878571428573,
2020-08-06,11900.0,11872.736666666666,11862.17,
2020-08-05,11780.93,11863.623333333331,11885.514285714284,
2020-08-04,11414.98,11698.636666666664,11811.225714285712,
2020-08-03,11473.0,11556.30333333333,11726.318571428568,
2020-08-02,12123.46,11670.479999999996,11772.939999999997,11511.195714285714
2020-08-01,11861.0,11819.15333333333,11780.472857142853,
2020-07-31,11444.0,11809.486666666664,11713.909999999994,
2020-07-30,11170.0,11491.666666666664,11609.62428571428,
2020-07-29,11342.82,11318.939999999997,11547.03714285714,
2020-07-28,11242.23,11251.683333333329,11522.35857142857,
2020-07-27,11394.86,11326.636666666664,11511.195714285712,
2020-07-26,10111.0,10916.029999999997,11223.701428571425,9621.164285714285
2020-07-25,9732.9,10412.919999999996,10919.687142857138,
2020-07-24,9637.0,9826.966666666665,10661.54428571428,
2020-07-23,9664.0,9677.966666666665,10446.401428571424,
2020-07-22,9544.0,9614.999999999998,10189.427142857137,
2020-07-21,9437.73,9548.576666666666,9931.641428571424,
2020-07-20,9221.52,9401.083333333334,9621.164285714282,
2020-07-19,9232.27,9297.173333333334,9495.631428571423,9252.057142857144
2020-07-18,9219.3,9224.363333333336,9422.259999999997,
2020-07-17,9186.83,9212.800000000001,9357.949999999997,
2020-07-16,9226.15,9210.76,9295.399999999996,
2020-07-15,9276.49,9229.823333333336,9257.184285714282,
2020-07-14,9279.54,9260.72666666667,9234.585714285713,
2020-07-13,9343.82,9299.950000000003,9252.05714285714,
2020-07-12,9345.0,9322.786666666669,9268.161428571426,9375.281428571428
2020-07-11,9299.28,9329.366666666669,9279.587142857139,
2020-07-10,9317.48,9320.586666666668,9298.251428571424,
2020-07-09,9440.79,9352.516666666668,9328.91428571428,
2020-07-08,9470.0,9409.423333333334,9356.558571428566,
2020-07-07,9379.42,9430.070000000002,9370.82714285714,
2020-07-06,9375.0,9408.140000000001,9375.281428571425,
2020-07-05,9145.24,9299.886666666667,9346.744285714283,9208.171428571428
2020-07-04,9190.0,9236.746666666668,9331.132857142855,
2020-07-03,9125.0,9153.413333333336,9303.635714285712,
2020-07-02,9261.96,9192.320000000002,9278.088571428567,
2020-07-01,9292.0,9226.320000000002,9252.659999999994,
2020-06-30,9205.0,9252.98666666667,9227.742857142852,
2020-06-29,9238.0,9245.000000000002,9208.171428571424,
2020-06-28,9191.0,9211.333333333336,9214.708571428568,9456.462857142857
2020-06-27,9196.24,9208.413333333336,9215.599999999995,
2020-06-26,9298.0,9228.413333333336,9240.314285714281,
2020-06-25,9340.0,9278.080000000002,9251.462857142853,
2020-06-24,9670.0,9436.000000000002,9305.462857142851,
2020-06-23,9720.0,9576.66666666667,9379.03428571428,
2020-06-22,9780.0,9723.333333333336,9456.462857142851,
2020-06-21,9422.0,9640.66666666667,9489.462857142851,9484.757142857143
2020-06-20,9395.0,9532.333333333336,9517.857142857136,
2020-06-19,9438.3,9418.433333333334,9537.899999999994,
2020-06-18,9489.0,9440.766666666668,9559.185714285708,
2020-06-17,9565.0,9497.433333333334,9544.185714285708,
2020-06-16,9589.0,9547.666666666668,9525.471428571424,
2020-06-15,9495.0,9549.666666666666,9484.757142857137,
2020-06-14,9480.99,9521.663333333332,9493.18428571428,9738.080000000002
2020-06-13,9494.73,9490.24,9507.431428571423,
2020-06-12,9557.12,9510.946666666669,9524.405714285707,
2020-06-11,9964.0,9671.950000000003,9592.26285714285,
2020-06-10,9992.72,9837.946666666669,9653.365714285708,
2020-06-09,9877.0,9944.573333333336,9694.508571428565,
2020-06-08,9800.0,9889.90666666667,9738.079999999993,
2020-06-07,9802.0,9826.333333333336,9783.938571428564,9938.91
2020-06-06,9735.0,9779.000000000002,9818.26285714285,
2020-06-05,9854.75,9797.250000000002,9860.781428571423,
2020-06-04,9881.63,9823.793333333335,9849.01428571428,
2020-06-03,9690.0,9808.793333333335,9805.768571428565,
2020-06-02,10228.99,9933.54,9856.052857142853,
2020-06-01,10380.0,10099.663333333336,9938.909999999994,
2020-05-31,9700.0,10102.996666666668,9924.338571428567,9413.294285714286
2020-05-30,9740.0,9940.000000000002,9925.052857142853,
2020-05-29,9605.26,9681.753333333336,9889.411428571422,
2020-05-28,9625.47,9656.910000000003,9852.817142857137,
2020-05-27,9225.0,9485.243333333337,9786.388571428566,
2020-05-26,9017.67,9289.380000000003,9613.34285714285,
2020-05-25,8979.66,9074.11,9413.294285714279,
2020-05-24,9298.0,9098.443333333335,9355.865714285708,9592.075714285715
2020-05-23,9307.85,9195.17,9294.129999999994,
2020-05-22,9271.0,9292.283333333335,9246.378571428566,
2020-05-21,9578.47,9385.773333333333,9239.664285714278,
2020-05-20,9842.0,9563.823333333334,9327.807142857137,
2020-05-19,9897.21,9772.56,9453.455714285708,
2020-05-18,9950.0,9896.403333333334,9592.075714285707,
2020-05-17,9888.0,9911.736666666666,9676.361428571423,9543.554285714286
2020-05-16,9588.0,9808.666666666666,9716.38285714285,
2020-05-15,9845.62,9773.873333333335,9798.47142857142,
2020-05-14,9939.0,9790.873333333335,9849.975714285707,
2020-05-13,9398.0,9727.54,9786.547142857135,
2020-05-12,8978.26,9438.42,9655.268571428564,
2020-05-11,9168.0,9181.42,9543.554285714277,
2020-05-10,9574.83,9240.363333333335,9498.815714285707,9579.374285714284
2020-05-09,9914.25,9552.36,9545.42285714285,
2020-05-08,10035.96,9841.68,9572.61428571428,
2020-05-07,10067.0,10005.736666666666,9590.899999999994,
2020-05-06,9395.0,9832.653333333334,9590.471428571424,
2020-05-05,9118.58,9526.86,9610.517142857138,
2020-05-04,8950.0,9154.526666666667,9579.37428571428,
2020-05-03,9200.0,9089.526666666667,9525.827142857137,8750.584285714287
2020-05-02,9010.0,9053.333333333334,9396.648571428566,
2020-05-01,9059.18,9089.726666666667,9257.108571428567,
2020-04-30,9460.0,9176.393333333333,9170.394285714283,
2020-04-29,8952.89,9157.356666666667,9107.23571428571,
2020-04-28,7780.0,8730.963333333333,8916.009999999997,
2020-04-27,7792.02,8174.970000000001,8750.584285714283,
2020-04-26,7700.0,7757.340000000001,8536.29857142857,7439.334285714286
2020-04-25,7705.0,7732.340000000001,8349.869999999997,
2020-04-24,7615.96,7673.653333333335,8143.695714285713,
2020-04-23,7738.0,7686.320000000001,7897.695714285713,
2020-04-22,7156.38,7503.446666666668,7641.051428571426,
2020-04-21,6940.0,7278.126666666668,7521.051428571426,
2020-04-20,7220.0,7105.460000000002,7439.334285714283,
2020-04-19,7266.15,7142.050000000002,7377.355714285712,7101.734285714287
2020-04-18,7293.08,7259.743333333335,7318.5099999999975,
2020-04-17,7148.12,7235.783333333334,7251.675714285712,
2020-04-16,7190.0,7210.4000000000015,7173.3899999999985,
2020-04-15,6933.0,7090.373333333334,7141.47857142857,
2020-04-14,6978.0,7033.666666666668,7146.9071428571415,
2020-04-13,6903.79,6938.263333333335,7101.734285714285,
2020-04-12,7177.0,7019.596666666668,7088.99857142857,7289.114285714286
2020-04-11,6944.3,7008.363333333335,7039.172857142856,
2020-04-10,7295.75,7139.016666666667,7060.262857142856,
2020-04-09,7371.92,7203.990000000001,7086.251428571427,
2020-04-08,7420.0,7362.556666666667,7155.822857142855,
2020-04-07,7459.69,7417.203333333334,7224.635714285713,
2020-04-06,7355.14,7411.610000000001,7289.114285714284,
2020-04-05,6895.54,7236.790000000001,7248.905714285713,6847.731428571429
2020-04-04,6990.41,7080.363333333335,7255.4928571428545,
2020-04-03,7048.0,6977.9833333333345,7220.099999999998,
2020-04-02,7198.0,7078.803333333334,7195.2542857142835,
2020-04-01,6679.94,6975.313333333334,7089.531428571427,
2020-03-31,6523.23,6800.39,6955.751428571426,
2020-03-30,6599.0,6600.723333333334,6847.731428571426,
2020-03-29,6266.0,6462.743333333335,6757.79714285714,6662.792857142857
2020-03-28,6360.0,6408.333333333335,6667.738571428569,
2020-03-27,6842.59,6489.530000000002,6638.394285714283,
2020-03-26,6780.0,6660.863333333335,6578.679999999998,
2020-03-25,6957.96,6860.183333333334,6618.397142857139,
2020-03-24,6833.0,6856.986666666668,6662.649999999996,
2020-03-23,6600.0,6796.986666666668,6662.792857142854,
2020-03-22,6407.87,6613.623333333334,6683.059999999997,6070.205714285715
2020-03-21,6456.98,6488.283333333334,6696.914285714282,
2020-03-20,6900.0,6588.283333333334,6705.115714285712,
2020-03-19,6400.0,6585.660000000001,6650.829999999997,
2020-03-18,5436.17,6245.39,6433.431428571426,
2020-03-17,5525.0,5787.056666666667,6246.574285714283,
2020-03-16,5365.42,5442.196666666668,6070.205714285711,
2020-03-15,5940.0,5610.140000000002,6003.36714285714,7115.714285714285
2020-03-14,5640.52,5648.646666666668,5886.729999999998,
2020-03-13,5955.0,5845.173333333335,5751.729999999998,
2020-03-12,7966.17,6520.563333333334,5975.468571428569,
2020-03-11,7980.0,7300.39,6338.8728571428555,
2020-03-10,8149.0,8031.723333333334,6713.729999999998,
2020-03-09,8179.31,8102.770000000001,7115.7142857142835,
2020-03-08,8886.76,8405.023333333336,7536.6799999999985,9019.695714285715
2020-03-07,9188.0,8751.356666666668,8043.462857142856,
2020-03-06,9170.0,9081.586666666668,8502.74857142857,
2020-03-05,9159.42,9172.473333333335,8673.212857142857,
2020-03-04,8848.29,9059.23666666667,8797.254285714285,
2020-03-03,8919.65,8975.786666666669,8907.347142857141,
2020-03-02,8965.75,8911.230000000003,9019.695714285714,
2020-03-01,8750.0,8878.466666666669,9000.15857142857,9207.744285714287
2020-02-29,8790.0,8835.250000000002,8943.301428571427,
2020-02-28,8900.0,8813.333333333336,8904.729999999998,
2020-02-27,8971.77,8887.256666666668,8877.922857142856,
2020-02-26,9377.44,9083.070000000002,8953.515714285713,
2020-02-25,9675.0,9341.403333333335,9061.422857142856,
2020-02-24,9990.0,9680.813333333335,9207.744285714285,
2020-02-23,9990.0,9885.0,9384.887142857142,9945.405714285715
2020-02-22,9709.17,9896.39,9516.197142857141,
2020-02-21,9755.51,9818.226666666667,9638.412857142856,
2020-02-20,9699.0,9721.226666666667,9742.302857142855,
2020-02-19,10250.0,9901.503333333334,9866.954285714282,
2020-02-18,10250.0,10066.333333333334,9949.09714285714,
2020-02-17,9964.16,10154.720000000001,9945.405714285711,
2020-02-16,10050.0,10088.053333333335,9953.97714285714,10324.021428571428
2020-02-15,10375.0,10129.720000000001,10049.095714285711,
2020-02-14,10381.56,10268.853333333334,10138.531428571427,
2020-02-13,10500.0,10418.853333333333,10252.959999999997,
2020-02-12,10450.0,10443.853333333333,10281.531428571427,
2020-02-11,10323.59,10424.529999999999,10292.044285714283,
2020-02-10,10188.0,10320.529999999999,10324.021428571426,
2020-02-09,10166.0,10225.863333333333,10340.592857142854,9795.25857142857
2020-02-08,9940.0,10097.999999999998,10278.449999999997,
2020-02-07,9885.0,9997.0,10207.512857142854,
2020-02-06,9862.57,9895.856666666667,10116.451428571425,
2020-02-05,9744.45,9830.673333333334,10015.658571428567,
2020-02-04,9350.0,9652.340000000002,9876.574285714281,
2020-02-03,9618.79,9571.080000000002,9795.258571428567,
2020-02-02,9477.03,9481.94,9696.834285714282,9414.145714285714
2020-02-01,9464.53,9520.116666666669,9628.909999999994,
2020-01-31,9530.22,9490.593333333336,9578.227142857138,
2020-01-30,9578.0,9524.250000000002,9537.57428571428,
2020-01-29,9449.24,9519.153333333335,9495.401428571424,
2020-01-28,9400.0,9475.746666666668,9502.54428571428,
2020-01-27,9000.0,9283.080000000002,9414.145714285709,
2020-01-26,8618.13,9006.043333333335,9291.44571428571,8663.315714285713
2020-01-25,8451.26,8689.796666666669,9146.692857142853,
2020-01-24,8528.02,8532.470000000001,9003.521428571423,
2020-01-23,8691.81,8557.03,8876.922857142852,
2020-01-22,8818.0,8679.276666666667,8786.74571428571,
2020-01-21,8789.0,8766.27,8699.459999999995,
2020-01-20,8746.99,8784.663333333336,8663.31571428571,
2020-01-19,9198.98,8911.656666666668,8746.294285714283,8868.828571428572
2020-01-18,8988.88,8978.283333333333,8823.09714285714,
2020-01-17,9041.65,9076.503333333334,8896.472857142853,
2020-01-16,8859.81,8963.446666666667,8920.472857142853,
2020-01-15,8916.48,8939.313333333334,8934.541428571423,
2020-01-14,8880.0,8885.43,8947.541428571423,
2020-01-13,8196.0,8664.160000000002,8868.828571428567,
2020-01-12,8197.0,8424.333333333334,8725.688571428565,8170.902857142856
2020-01-11,8286.34,8226.446666666669,8625.32571428571,
2020-01-10,8199.0,8227.446666666669,8504.947142857138,
2020-01-09,8055.96,8180.433333333334,8390.111428571425,
2020-01-08,8455.0,8236.653333333334,8324.18571428571,
2020-01-07,8207.68,8239.546666666667,8228.139999999998,
2020-01-06,7795.34,8152.673333333333,8170.902857142854,
2020-01-05,7495.0,7832.673333333333,8070.61714285714,7357.105714285714
2020-01-04,7404.0,7564.78,7944.568571428569,
2020-01-03,7405.0,7434.666666666667,7831.139999999998,
2020-01-02,7212.5,7340.5,7710.645714285712,
2020-01-01,7255.0,7290.833333333333,7539.21714285714,
2019-12-31,7320.0,7262.5,7412.405714285712,
2019-12-30,7408.24,7327.746666666666,7357.105714285711,
2019-12-29,7528.45,7418.8966666666665,7361.884285714282,7429.7357142857145
2019-12-28,7365.01,7433.899999999999,7356.314285714282,
2019-12-27,7275.86,7389.7733333333335,7337.865714285711,
2019-12-26,7435.0,7358.623333333333,7369.651428571425,
2019-12-25,7271.77,7327.543333333332,7372.047142857139,
2019-12-24,7436.68,7381.149999999999,7388.71571428571,
2019-12-23,7695.38,7467.943333333333,7429.73571428571,
2019-12-22,7518.54,7550.2,7428.319999999997,7263.047142857143
2019-12-21,7190.58,7468.166666666667,7403.401428571425,
2019-12-20,7220.0,7309.706666666666,7395.421428571425,
2019-12-19,7380.0,7263.526666666666,7387.564285714282,
2019-12-18,7440.0,7346.666666666667,7411.59714285714,
2019-12-17,6942.21,7254.07,7340.958571428569,
2019-12-16,7150.0,7177.403333333333,7263.04714285714,
2019-12-15,7200.3,7097.503333333333,7217.584285714283,7344.174285714286
2019-12-14,7271.77,7207.356666666667,7229.182857142855,
2019-12-13,7309.05,7260.373333333333,7241.904285714284,
2019-12-12,7295.0,7291.94,7229.761428571427,
2019-12-11,7275.5,7293.183333333333,7206.261428571427,
2019-12-10,7407.6,7326.033333333334,7272.745714285712,
2019-12-09,7650.0,7444.366666666668,7344.1742857142835,
2019-12-08,7564.0,7540.533333333334,7396.131428571426,7547.030000000001
2019-12-07,7619.62,7611.206666666668,7445.824285714284,
2019-12-06,7590.03,7591.216666666667,7485.9642857142835,
2019-12-05,7485.0,7564.883333333334,7513.10714285714,
2019-12-04,7750.0,7608.343333333334,7580.892857142855,
2019-12-03,7400.0,7545.000000000001,7579.807142857141,
2019-12-02,7420.56,7523.520000000001,7547.029999999998,
2019-12-01,7541.85,7454.136666666668,7543.865714285712,7602.505714285714
2019-11-30,7810.0,7590.803333333334,7571.062857142854,
2019-11-29,7850.0,7733.950000000001,7608.201428571426,
2019-11-28,7643.0,7767.666666666667,7630.772857142854,
2019-11-27,7655.0,7716.0,7617.201428571426,
2019-11-26,7340.0,7546.0,7608.629999999997,
2019-11-25,7377.69,7457.563333333333,7602.505714285712,
2019-11-24,7330.39,7349.36,7572.297142857141,7935.148571428571
2019-11-23,7344.48,7350.853333333333,7505.794285714283,
2019-11-22,7750.0,7474.956666666666,7491.508571428569,
2019-11-21,8134.73,7743.07,7561.755714285711,
2019-11-20,8264.29,8049.673333333333,7648.79714285714,
2019-11-19,8218.63,8205.883333333333,7774.315714285711,
2019-11-18,8503.52,8328.813333333334,7935.148571428568,
2019-11-17,8635.0,8452.383333333333,8121.5214285714255,8796.187142857143
2019-11-16,8543.0,8560.506666666668,8292.738571428568,
2019-11-15,8790.0,8656.000000000002,8441.309999999998,
2019-11-14,8800.0,8711.0,8536.348571428569,
2019-11-13,8844.99,8811.663333333332,8619.305714285712,
2019-11-12,8888.0,8844.33,8714.929999999998,
2019-11-11,9072.32,8935.103333333333,8796.187142857141,
2019-11-10,9147.19,9035.836666666668,8869.357142857141,9296.104285714286
2019-11-09,8880.0,9033.17,8917.499999999998,
2019-11-08,9261.0,9096.063333333334,8984.785714285712,
2019-11-07,9375.0,9172.0,9066.928571428569,
2019-11-06,9440.91,9358.970000000001,9152.06,
2019-11-05,9454.95,9423.62,9233.052857142857,
2019-11-04,9513.68,9469.846666666666,9296.104285714284,
2019-11-03,9362.57,9443.733333333334,9326.872857142855,9468.892857142857
2019-11-02,9373.74,9416.663333333334,9397.407142857142,
2019-11-01,9279.0,9338.436666666668,9399.97857142857,
2019-10-31,9405.0,9352.580000000002,9404.264285714284,
2019-10-30,9409.84,9364.613333333335,9399.825714285713,
2019-10-29,9550.0,9454.946666666669,9413.404285714283,
2019-10-28,9902.1,9620.646666666667,9468.892857142857,
2019-10-27,9794.98,9749.026666666667,9530.665714285715,8735.177142857141
2019-10-26,10370.0,10022.36,9672.988571428572,
2019-10-25,8799.0,9654.660000000002,9604.417142857143,
2019-10-24,7503.68,8890.893333333335,9332.800000000001,
2019-10-23,8047.59,8116.756666666668,9138.192857142858,
2019-10-22,8297.99,7949.753333333334,8959.334285714287,
2019-10-21,8333.0,8226.193333333335,8735.177142857145,
2019-10-20,8297.0,8309.33,8521.180000000004,8229.718571428572
2019-10-19,8098.1,8242.700000000003,8196.622857142862,
2019-10-18,8115.0,8170.033333333336,8098.908571428576,
2019-10-17,8124.92,8112.673333333335,8187.657142857147,
2019-10-16,8181.16,8140.360000000001,8206.738571428576,
2019-10-15,8403.0,8236.36,8221.740000000003,
2019-10-14,8388.85,8324.336666666668,8229.718571428575,
2019-10-13,8451.37,8414.406666666668,8251.771428571432,8509.971428571429
2019-10-12,8400.0,8413.406666666668,8294.900000000003,
2019-10-11,8779.51,8543.626666666669,8389.830000000004,
2019-10-10,8644.0,8607.836666666668,8463.98428571429,
2019-10-09,8670.0,8697.836666666668,8533.818571428576,
2019-10-08,8325.0,8546.333333333334,8522.675714285719,
2019-10-07,8299.92,8431.64,8509.971428571433,
2019-10-06,8153.87,8259.596666666666,8467.471428571433,8310.551428571429
2019-10-05,8183.41,8212.4,8436.530000000002,
2019-10-04,8232.41,8189.896666666667,8358.37285714286,
2019-10-03,8393.0,8269.606666666668,8322.515714285717,
2019-10-02,8373.91,8333.106666666668,8280.217142857146,
2019-10-01,8500.0,8422.303333333335,8305.217142857146,
2019-09-30,8337.26,8403.723333333335,8310.55142857143,
2019-09-29,8229.13,8355.463333333335,8321.30285714286,8835.728571428572
2019-09-28,8315.0,8293.796666666667,8340.101428571432,
2019-09-27,8265.0,8269.71,8344.757142857145,
2019-09-26,8465.99,8348.663333333332,8355.18428571429,
2019-09-25,8730.0,8486.996666666666,8406.054285714288,
2019-09-24,9794.99,8996.993333333332,8591.05285714286,
2019-09-23,10049.99,9524.993333333332,8835.728571428575,
2019-09-22,10089.0,9977.993333333332,9101.42428571429,10251.388571428572
2019-09-21,10176.7,10105.229999999998,9367.381428571434,
2019-09-20,10281.0,10182.233333333332,9655.381428571434,
2019-09-19,10325.0,10260.9,9920.954285714291,
2019-09-18,10258.02,10288.006666666666,10139.242857142863,
2019-09-17,10275.0,10286.006666666668,10207.81571428572,
2019-09-16,10355.0,10296.006666666668,10251.388571428575,
2019-09-15,10360.0,10330.000000000002,10290.102857142861,10403.684285714286
2019-09-14,10419.99,10378.330000000002,10324.858571428576,
2019-09-13,10439.0,10406.330000000002,10347.430000000006,
2019-09-12,10448.81,10435.933333333334,10365.117142857149,
2019-09-11,10293.0,10393.603333333334,10370.11428571429,
2019-09-10,10384.99,10375.6,10385.827142857148,
2019-09-09,10480.0,10385.996666666668,10403.684285714291,
2019-09-08,10592.5,10485.830000000002,10436.898571428577,10711.195714285714
2019-09-07,10558.0,10543.500000000002,10456.61428571429,
2019-09-06,10905.87,10685.45666666667,10523.310000000003,
2019-09-05,10900.0,10787.95666666667,10587.765714285719,
2019-09-04,10799.0,10868.290000000003,10660.051428571433,
2019-09-03,10773.0,10824.000000000002,10715.481428571433,
2019-09-02,10450.0,10674.000000000002,10711.195714285717,
2019-09-01,9830.0,10351.000000000002,10602.267142857147,10032.655714285715
2019-08-31,9684.51,9988.170000000004,10477.48285714286,
2019-08-30,9696.0,9736.83666666667,10304.644285714288,
2019-08-29,9724.0,9701.503333333336,10136.644285714288,
2019-08-28,10299.0,9906.333333333336,10065.215714285718,
2019-08-27,10391.08,10138.02666666667,10010.655714285718,
2019-08-26,10604.0,10431.360000000002,10032.655714285718,
2019-08-25,10333.0,10442.693333333336,10104.512857142861,10589.072857142857
2019-08-24,10419.42,10452.140000000001,10209.500000000004,
2019-08-23,10445.0,10399.140000000001,10316.500000000004,
2019-08-22,10242.0,10368.80666666667,10390.500000000004,
2019-08-21,10804.13,10497.043333333335,10462.661428571433,
2019-08-20,10949.96,10665.363333333335,10542.501428571431,
2019-08-19,10930.0,10894.696666666669,10589.07285714286,
2019-08-18,10500.0,10793.320000000002,10612.930000000004,10841.814285714285
2019-08-17,10465.14,10631.713333333335,10619.461428571432,
2019-08-16,10536.03,10500.390000000001,10632.465714285718,
2019-08-15,10460.0,10487.05666666667,10663.608571428575,
2019-08-14,10897.48,10631.170000000004,10676.944285714288,
2019-08-13,11456.16,10937.880000000005,10749.258571428576,
2019-08-12,11577.89,11310.510000000004,10841.81428571429,
2019-08-11,11600.0,11544.68333333334,10998.957142857147,12014.295714285716
2019-08-10,11985.0,11720.963333333339,11216.080000000004,
2019-08-09,12045.68,11876.893333333339,11431.744285714289,
2019-08-08,12060.0,12030.226666666671,11660.315714285718,
2019-08-07,12141.17,12082.283333333338,11837.985714285718,
2019-08-06,12330.7,12177.290000000006,11962.920000000002,
2019-08-05,11937.52,12136.463333333339,12014.295714285718,
2019-08-04,11040.0,11769.406666666671,11934.295714285718,10376.53
2019-08-03,10904.77,11294.096666666674,11779.977142857146,
2019-08-02,10670.0,10871.590000000007,11583.451428571434,
2019-08-01,10467.86,10680.876666666672,11356.002857142861,
2019-07-31,10109.8,10415.886666666675,11065.807142857147,
2019-07-30,9714.28,10097.31333333334,10692.032857142864,
2019-07-29,9729.0,9851.026666666674,10376.530000000004,
2019-07-28,9594.99,9679.423333333341,10170.100000000006,10116.108571428573
2019-07-27,10188.66,9837.550000000008,10067.798571428577,
2019-07-26,9889.98,9891.210000000006,9956.367142857149,
2019-07-25,10175.0,10084.546666666674,9914.530000000004,
2019-07-24,9937.0,10000.660000000007,9889.84428571429,
2019-07-23,10343.97,10151.990000000007,9979.800000000005,
2019-07-22,10683.16,10321.376666666672,10116.108571428576,
2019-07-21,10817.9,10615.010000000007,10290.810000000003,10789.942857142856
2019-07-20,11068.99,10856.68333333334,10416.571428571433,
2019-07-19,10769.71,10885.533333333338,10542.247142857146,
2019-07-18,10788.0,10875.566666666673,10629.818571428576,
2019-07-17,9957.0,10504.903333333341,10632.675714285719,
2019-07-16,11028.0,10591.000000000007,10730.394285714288,
2019-07-15,11100.0,10695.000000000007,10789.94285714286,
2019-07-14,11452.0,11193.333333333341,10880.528571428575,12218.364285714286
2019-07-13,11799.98,11450.660000000009,10984.955714285717,
2019-07-12,11885.0,11712.326666666675,11144.282857142858,
2019-07-11,12111.73,11932.236666666673,11333.387142857144,
2019-07-10,13147.08,12381.27000000001,11789.112857142858,
2019-07-09,12794.73,12684.513333333342,12041.502857142857,
2019-07-08,12338.03,12759.946666666676,12218.364285714286,
2019-07-07,11538.0,12223.586666666675,12230.65,11546.107142857143
2019-07-06,11665.0,11847.01000000001,12211.367142857143,
2019-07-05,11406.83,11536.61000000001,12143.057142857144,
2019-07-04,12000.0,11690.61000000001,12127.095714285717,
2019-07-03,11991.89,11799.573333333343,11962.068571428574,
2019-07-02,10938.75,11643.546666666676,11696.928571428574,
2019-07-01,11282.28,11404.306666666676,11546.107142857145,
2019-06-30,12180.0,11467.01000000001,11637.821428571431,12506.172857142856
2019-06-29,12441.54,11967.94000000001,11748.755714285715,
2019-06-28,12480.0,12367.18000000001,11902.065714285714,
2019-06-27,13478.04,12799.86000000001,12113.214285714286,
2019-06-26,13970.0,13309.346666666677,12395.801428571429,
2019-06-25,11850.0,13099.346666666677,12525.98,
2019-06-24,11143.63,12321.210000000008,12506.172857142858,
2019-06-23,11392.64,11462.09000000001,12393.692857142858,10057.427142857141
2019-06-22,11160.0,11232.09000000001,12210.615714285714,
2019-06-21,10174.99,10909.210000000008,11881.328571428572,
2019-06-20,9590.0,10308.330000000009,11325.894285714287,
2019-06-19,9304.0,9689.663333333343,10659.322857142859,
2019-06-18,9336.36,9410.12000000001,10300.23142857143,
2019-06-17,9444.0,9361.453333333344,10057.427142857143,
2019-06-16,9333.0,9371.12000000001,9763.192857142858,8488.88857142857
2019-06-15,8864.99,9213.996666666675,9435.334285714287,
2019-06-14,8684.41,8960.800000000008,9222.394285714288,
2019-06-13,8309.82,8619.740000000007,9039.511428571432,
2019-06-12,8200.0,8398.076666666675,8881.797142857145,
2019-06-11,8010.0,8173.273333333342,8692.317142857146,
2019-06-10,8020.0,8076.666666666675,8488.888571428573,
2019-06-09,7935.0,7988.333333333342,8289.174285714287,8108.727142857143
2019-06-08,8044.65,7999.883333333341,8171.982857142859,
2019-06-07,8100.0,8026.5500000000075,8088.4957142857165,
2019-06-06,7868.13,8004.260000000008,8025.397142857145,
2019-06-05,7896.7,7954.943333333341,7982.068571428573,
2019-06-04,8115.66,7960.163333333341,7997.162857142859,
2019-06-03,8800.95,8271.103333333342,8108.727142857145,
2019-06-02,8814.78,8577.130000000008,8234.410000000002,8795.121428571429
2019-06-01,8626.0,8747.243333333343,8317.460000000001,
2019-05-31,8594.0,8678.260000000007,8388.031428571428,
2019-05-30,9074.26,8764.753333333341,8560.335714285715,
2019-05-29,8750.0,8806.086666666675,8682.235714285716,
2019-05-28,8798.49,8874.250000000007,8779.782857142858,
2019-05-27,8908.32,8818.936666666674,8795.121428571432,
2019-05-26,8740.0,8815.60333333334,8784.438571428575,8159.590000000001
2019-05-25,8091.8,8580.040000000008,8708.12428571429,
2019-05-24,8130.0,8320.600000000008,8641.838571428574,
2019-05-23,7940.98,8054.260000000009,8479.941428571432,
2019-05-22,8016.0,8028.993333333343,8375.084285714289,
2019-05-21,8042.32,7999.766666666676,8267.060000000005,
2019-05-20,8156.03,8071.450000000009,8159.590000000006,
2019-05-19,8275.09,8157.813333333343,8093.174285714292,8099.012857142857
2019-05-18,7458.0,7963.040000000009,8002.631428571434,
2019-05-17,7925.0,7886.03000000001,7973.3457142857205,
2019-05-16,8320.0,7901.00000000001,8027.491428571435,
2019-05-15,8249.0,8164.666666666676,8060.77714285715,
2019-05-14,8366.0,8311.666666666677,8107.017142857149,
2019-05-13,8100.0,8238.333333333343,8099.012857142864,
2019-05-12,7521.78,7995.926666666676,7991.3971428571485,6486.767142857142
2019-05-11,7343.99,7655.256666666675,7975.110000000006,
2019-05-10,6468.92,7111.563333333342,7767.098571428577,
2019-05-09,6224.55,6679.153333333342,7467.748571428578,
2019-05-08,6014.72,6236.063333333342,7148.565714285721,
2019-05-07,6028.41,6089.226666666674,6814.624285714292,
2019-05-06,5805.0,5949.376666666674,6486.767142857148,
2019-05-05,5839.9,5891.10333333334,6246.498571428578,5599.411428571429
2019-05-04,5900.0,5848.300000000007,6040.214285714292,
2019-05-03,5844.0,5861.300000000007,5950.940000000007,
2019-05-02,5538.0,5760.666666666674,5852.861428571435,
2019-05-01,5402.0,5594.666666666674,5765.330000000006,
2019-04-30,5339.98,5426.660000000007,5666.982857142862,
2019-04-29,5332.0,5357.99333333334,5599.411428571433,
2019-04-28,5340.0,5337.326666666674,5527.997142857147,5466.648571428572
2019-04-27,5342.5,5338.166666666674,5448.35428571429,
2019-04-26,5510.0,5397.500000000007,5400.640000000005,
2019-04-25,5491.84,5448.113333333341,5394.045714285719,
2019-04-24,5582.2,5528.013333333341,5419.788571428576,
2019-04-23,5600.0,5558.013333333341,5456.934285714291,
2019-04-22,5400.0,5527.400000000008,5466.648571428576,
2019-04-21,5314.35,5438.116666666675,5462.984285714291,5264.324285714285
2019-04-20,5333.42,5349.256666666675,5461.687142857148,
2019-04-19,5320.0,5322.590000000008,5434.544285714291,
2019-04-18,5287.0,5313.4733333333415,5405.281428571433,
2019-04-17,5230.4,5279.133333333341,5355.02428571429,
2019-04-16,5197.72,5238.373333333341,5297.55571428572,
2019-04-15,5167.38,5198.500000000008,5264.32428571429,
2019-04-14,5152.99,5172.696666666676,5241.2728571428615,5232.948571428571
2019-04-13,5099.0,5139.790000000008,5207.7842857142905,
2019-04-12,5080.58,5110.856666666675,5173.581428571434,
2019-04-11,5332.67,5170.750000000009,5180.105714285719,
2019-04-10,5422.0,5278.416666666676,5207.477142857148,
2019-04-09,5238.4,5331.0233333333435,5213.288571428576,
2019-04-08,5305.0,5321.800000000009,5232.9485714285765,
2019-04-07,5234.0,5259.133333333343,5244.521428571434,4976.857142857143
2019-04-06,5205.0,5248.00000000001,5259.6642857142915,
2019-04-05,5028.22,5155.74000000001,5252.184285714291,
2019-04-04,5039.08,5090.766666666677,5210.242857142863,
2019-04-03,5275.01,5114.103333333344,5189.244285714291,
2019-04-02,4897.99,5070.693333333344,5140.614285714291,
2019-04-01,4158.7,4777.233333333344,4976.857142857148,
2019-03-31,4116.12,4390.936666666677,4817.160000000005,4060.8299999999995
2019-03-30,4140.0,4138.273333333344,4665.017142857148,
2019-03-29,4123.71,4126.6100000000115,4535.8014285714335,
2019-03-28,4039.7,4101.136666666679,4393.032857142862,
2019-03-27,4048.0,4070.470000000012,4217.745714285718,
2019-03-26,3958.98,4015.560000000012,4083.6014285714336,
2019-03-25,3999.3,4002.093333333345,4060.830000000005,
2019-03-24,4006.02,3988.1000000000117,4045.1014285714336,4031.4528571428573
2019-03-23,4018.83,4008.050000000012,4027.7914285714337,
2019-03-22,4008.0,4010.9500000000116,4011.261428571434,
2019-03-21,4069.32,4032.0500000000116,4015.4928571428622,
2019-03-20,4050.0,4042.4400000000114,4015.778571428577,
2019-03-19,4031.0,4050.106666666678,4026.067142857148,
2019-03-18,4037.0,4039.333333333345,4031.4528571428627,
2019-03-17,4012.0,4026.6666666666783,4032.3071428571484,3951.9914285714285
2019-03-16,4056.98,4035.326666666678,4037.7571428571487,
2019-03-15,3939.22,4002.7333333333445,4027.9314285714345,
2019-03-14,3920.0,3972.066666666678,4006.600000000006,
2019-03-13,3893.56,3917.5933333333446,3984.2514285714346,
2019-03-12,3905.2,3906.2533333333445,3966.280000000006,
2019-03-11,3936.98,3911.9133333333443,3951.9914285714344,
2019-03-10,3943.43,3928.536666666678,3942.1957142857204,3909.5257142857145
2019-03-09,3971.75,3950.7200000000107,3930.0200000000063,
2019-03-08,3932.0,3949.060000000011,3928.9885714285774,
2019-03-07,3905.4,3936.383333333344,3926.9028571428635,
2019-03-06,3907.0,3914.8000000000106,3928.822857142863,
2019-03-05,3877.1,3896.500000000011,3924.808571428577,
2019-03-04,3830.0,3871.3666666666777,3909.52571428572,
2019-03-03,3835.0,3847.3666666666777,3894.03571428572,3853.4757142857147
2019-03-02,3841.31,3835.4366666666774,3875.4014285714343,
2019-03-01,3857.0,3844.4366666666774,3864.687142857149,
2019-02-28,3888.0,3862.103333333344,3862.2014285714345,
2019-02-27,3838.85,3861.283333333344,3852.46571428572,
2019-02-26,3841.51,3856.1200000000113,3847.3814285714348,
2019-02-25,3872.66,3851.0066666666776,3853.47571428572,
2019-02-24,4198.0,3970.7233333333443,3905.3328571428633,4038.714285714286
2019-02-23,4162.02,4077.560000000011,3951.1485714285773,
2019-02-22,3988.0,4116.006666666678,3969.862857142863,
2019-02-21,4016.48,4055.500000000011,3988.2171428571487,
2019-02-20,3986.98,3997.153333333344,4009.3785714285773,
2019-02-19,3994.52,3999.3266666666773,4031.2371428571487,
2019-02-18,3925.0,3968.8333333333444,4038.7142857142912,
2019-02-17,3700.11,3873.2100000000114,3967.5871428571486,3664.3485714285716
2019-02-16,3648.2,3757.7700000000114,3894.1842857142915,
2019-02-15,3653.23,3667.180000000011,3846.3600000000056,
2019-02-14,3626.4,3642.610000000011,3790.6342857142918,
2019-02-13,3670.0,3649.876666666678,3745.3514285714346,
2019-02-12,3667.6,3654.6666666666783,3698.6485714285773,
2019-02-11,3684.9,3674.1666666666783,3664.3485714285775,
2019-02-10,3684.99,3679.163333333345,3662.1885714285777,3567.3728571428574
2019-02-09,3680.02,3683.3033333333447,3666.7342857142917,
2019-02-08,3733.58,3699.5300000000116,3678.2128571428634,
2019-02-07,3426.45,3613.3500000000113,3649.6485714285777,
2019-02-06,3482.72,3547.5833333333444,3622.8942857142924,
2019-02-05,3478.97,3462.713333333344,3595.9471428571496,
2019-02-04,3484.88,3482.190000000011,3567.372857142864,
2019-02-03,3511.09,3491.646666666678,3542.530000000007,3499.127142857143
2019-02-02,3526.4,3507.456666666678,3520.584285714293,
2019-02-01,3488.0,3508.4966666666783,3485.501428571436,
2019-01-31,3489.2,3501.2000000000116,3494.465714285722,
2019-01-30,3478.0,3485.0666666666784,3493.791428571436,
2019-01-29,3443.45,3470.216666666678,3488.71714285715,
2019-01-28,3557.75,3493.066666666678,3499.12714285715,
2019-01-27,3579.0,3526.7333333333445,3508.8285714285785,3599.1542857142854
2019-01-26,3662.94,3599.8966666666784,3528.3342857142925,
2019-01-25,3587.15,3609.696666666678,3542.4985714285785,
2019-01-24,3589.0,3613.0300000000116,3556.7557142857213,
2019-01-23,3607.98,3594.7100000000114,3575.3242857142927,
2019-01-22,3608.5,3601.826666666678,3598.902857142864,
2019-01-21,3559.51,3591.9966666666783,3599.154285714292,
2019-01-20,3693.73,3620.5800000000113,3615.544285714292,3661.96
2019-01-19,3720.0,3657.7466666666783,3623.695714285721,
2019-01-18,3620.0,3677.910000000011,3628.388571428578,
2019-01-17,3634.7,3658.2333333333445,3634.9171428571494,
2019-01-16,3645.0,3633.2333333333445,3640.2057142857207,
2019-01-15,3648.42,3642.706666666678,3645.908571428578,
2019-01-14,3671.87,3655.0966666666777,3661.9600000000064,
2019-01-13,3611.1,3643.796666666678,3650.1557142857205,3853.972857142857
2019-01-12,3618.19,3633.7200000000116,3635.6114285714348,
2019-01-11,3658.0,3629.0966666666777,3641.040000000006,
2019-01-10,3996.01,3757.400000000011,3692.6557142857205,
2019-01-09,4006.81,3886.940000000011,3744.3428571428635,
2019-01-08,4069.8,4024.2066666666774,3804.540000000006,
2019-01-07,4017.9,4031.5033333333436,3853.9728571428636,
2019-01-06,4027.71,4038.4700000000103,3913.488571428578,3865.3399999999997
2019-01-05,3840.99,3962.2000000000103,3945.31714285715,
2019-01-04,3823.64,3897.446666666677,3968.980000000007,
2019-01-03,3862.74,3842.4566666666774,3949.941428571435,
2019-01-02,3882.14,3856.1733333333436,3932.131428571435,
2019-01-01,3810.16,3851.6800000000108,3895.040000000007,
2018-12-31,3810.0,3834.100000000011,3865.3400000000065,
2018-12-30,3903.5,3841.2200000000107,3847.595714285721,3935.9828571428566
2018-12-29,3892.0,3868.500000000011,3854.8828571428635,
2018-12-28,3887.25,3894.250000000011,3863.970000000006,
2018-12-27,3813.98,3864.4100000000108,3857.0042857142917,
2018-12-26,3837.15,3846.1266666666775,3850.5771428571493,
2018-12-25,4020.0,3890.3766666666775,3880.5542857142923,
2018-12-24,4198.0,4018.383333333344,3935.9828571428634,
2018-12-23,4021.53,4079.8433333333446,3952.844285714292,3919.548571428571
2018-12-22,3979.0,4066.1766666666776,3965.2728571428634,
2018-12-21,4139.99,4046.840000000011,4001.3785714285777,
2018-12-20,4120.0,4079.6633333333443,4045.095714285721,
2018-12-19,3912.73,4057.573333333344,4055.8928571428632,
2018-12-18,3678.59,3903.773333333344,4007.1200000000063,
2018-12-17,3585.0,3725.440000000011,3919.548571428578,
2018-12-16,3294.0,3519.1966666666776,3815.6157142857205,3421.1271428571426
2018-12-15,3276.5,3385.1666666666774,3715.258571428578,
2018-12-14,3335.39,3301.963333333344,3600.3157142857203,
2018-12-13,3460.0,3357.2966666666775,3506.030000000006,
2018-12-12,3492.0,3429.1300000000106,3445.9257142857205,
2018-12-11,3480.0,3477.3333333333444,3417.5557142857206,
2018-12-10,3610.0,3527.3333333333444,3421.127142857149,
2018-12-09,3658.0,3582.6666666666774,3473.127142857149,3833.8542857142857
2018-12-08,3495.0,3587.6666666666774,3504.341428571435,
2018-12-07,3549.99,3567.6633333333443,3534.998571428577,
2018-12-06,3899.99,3648.3266666666773,3597.8542857142916,
2018-12-05,3970.0,3806.6600000000108,3666.140000000006,
2018-12-04,4085.0,3984.9966666666774,3752.568571428577,
2018-12-03,4179.0,4078.000000000011,3833.8542857142916,
2018-12-02,4312.99,4192.330000000012,3927.4242857142913,4277.884285714286
2018-12-01,4299.99,4263.993333333344,4042.422857142862,
2018-11-30,4341.36,4318.113333333345,4155.47571428572,
2018-11-29,4450.38,4363.910000000012,4234.102857142862,
2018-11-28,4394.47,4395.403333333345,4294.741428571434,
2018-11-27,3940.0,4261.616666666679,4274.027142857149,
2018-11-26,4206.0,4180.156666666678,4277.884285714291,
2018-11-25,4233.0,4126.333333333344,4266.457142857149,4780.744285714286
2018-11-24,4527.0,4322.000000000011,4298.887142857149,
2018-11-23,4484.0,4414.666666666678,4319.264285714292,
2018-11-22,4721.77,4577.590000000011,4358.034285714291,
2018-11-21,4787.2,4664.323333333345,4414.138571428577,
2018-11-20,5048.24,4852.4033333333455,4572.458571428577,
2018-11-19,5664.0,5166.480000000011,4780.7442857142905,
2018-11-18,5738.17,5483.470000000012,4995.768571428576,6085.005714285714
2018-11-17,5656.6,5686.25666666668,5157.140000000005,
2018-11-16,5782.89,5725.88666666668,5342.695714285719,
2018-11-15,5939.54,5793.010000000014,5516.662857142861,
2018-11-14,6482.84,6068.423333333347,5758.897142857147,
2018-11-13,6498.0,6306.793333333347,5966.005714285719,
2018-11-12,6497.0,6492.613333333346,6085.005714285719,
2018-11-11,6462.14,6485.713333333347,6188.430000000005,6527.7242857142855
2018-11-10,6475.55,6478.230000000013,6305.422857142862,
2018-11-09,6511.53,6483.0733333333455,6409.514285714291,
2018-11-08,6594.0,6527.026666666679,6503.008571428576,
2018-11-07,6615.15,6573.560000000013,6521.910000000005,
2018-11-06,6531.31,6580.153333333347,6526.668571428577,
2018-11-05,6504.39,6550.283333333347,6527.724285714291,
2018-11-04,6525.0,6520.233333333347,6536.704285714291,6456.567142857143
2018-11-03,6439.97,6489.7866666666805,6531.621428571433,
2018-11-02,6460.34,6475.103333333347,6524.308571428576,
2018-11-01,6442.65,6447.653333333347,6502.687142857148,
2018-10-31,6428.0,6443.6633333333475,6475.951428571433,
2018-10-30,6395.0,6421.883333333347,6456.478571428576,
2018-10-29,6505.01,6442.670000000013,6456.567142857149,
2018-10-28,6514.17,6471.393333333345,6455.020000000005,6587.372857142856
2018-10-27,6558.35,6525.843333333345,6471.931428571434,
2018-10-26,6600.0,6557.506666666678,6491.882857142862,
2018-10-25,6575.09,6577.8133333333435,6510.802857142861,
2018-10-24,6630.0,6601.696666666678,6539.660000000004,
2018-10-23,6595.0,6600.030000000011,6568.231428571433,
2018-10-22,6639.0,6621.333333333344,6587.372857142861,
2018-10-21,6663.9,6632.633333333343,6608.762857142862,6873.830000000001
2018-10-20,6617.65,6640.183333333344,6617.234285714291,
2018-10-19,6648.14,6643.2300000000105,6624.111428571434,
2018-10-18,6796.0,6687.263333333343,6655.670000000005,
2018-10-17,6811.12,6751.753333333344,6681.544285714291,
2018-10-16,6900.0,6835.706666666677,6725.115714285719,
2018-10-15,7680.0,7130.373333333344,6873.8300000000045,
2018-10-14,6416.0,6998.666666666678,6838.415714285719,6545.121428571429
2018-10-13,6345.0,6813.666666666678,6799.465714285719,
2018-10-12,6360.0,6373.666666666678,6758.302857142861,
2018-10-11,6633.92,6446.306666666678,6735.148571428575,
2018-10-10,6659.95,6551.290000000012,6713.55285714286,
2018-10-09,6685.38,6659.750000000012,6682.8928571428605,
2018-10-08,6715.6,6686.976666666679,6545.121428571431,
2018-10-07,6640.0,6680.326666666679,6577.121428571431,6641.078571428572
2018-10-06,6651.0,6668.866666666679,6620.835714285718,
2018-10-05,6697.0,6662.666666666679,6668.9785714285745,
2018-10-04,6643.46,6663.8200000000115,6670.341428571432,
2018-10-03,6549.0,6629.8200000000115,6654.491428571432,
2018-10-02,6640.0,6610.8200000000115,6648.008571428575,
2018-10-01,6667.09,6618.6966666666785,6641.078571428575,
2018-09-30,6662.0,6656.3633333333455,6644.221428571432,6676.400000000001
2018-09-29,6636.0,6655.0300000000125,6642.078571428575,
2018-09-28,6814.8,6704.266666666678,6658.907142857147,
2018-09-27,6750.0,6733.600000000012,6674.127142857147,
2018-09-26,6557.99,6707.596666666679,6675.411428571432,
2018-09-25,6584.01,6630.66666666668,6667.412857142861,
2018-09-24,6730.0,6624.000000000014,6676.400000000004,
2018-09-23,6788.23,6700.7466666666805,6694.432857142861,6627.665714285715
2018-09-22,6839.03,6785.753333333346,6723.437142857147,
2018-09-21,6784.86,6804.040000000013,6719.1600000000035,
2018-09-20,6540.0,6721.29666666668,6689.1600000000035,
2018-09-19,6517.7,6614.18666666668,6683.4042857142895,
2018-09-18,6390.0,6482.56666666668,6655.6885714285745,
2018-09-17,6533.84,6480.513333333347,6627.665714285717,
2018-09-16,6524.62,6482.820000000013,6590.0071428571455,6478.291428571429
2018-09-15,6565.45,6541.303333333347,6550.924285714288,
2018-09-14,6584.99,6558.353333333346,6522.37142857143,
2018-09-13,6535.0,6561.813333333346,6521.657142857145,
2018-09-12,6360.0,6493.330000000013,6499.128571428574,
2018-09-11,6404.0,6433.000000000012,6501.128571428574,
2018-09-10,6373.98,6379.326666666679,6478.291428571431,
2018-09-09,6441.0,6406.326666666679,6466.345714285717,6904.797142857143
2018-09-08,6478.0,6430.993333333346,6453.852857142861,
2018-09-07,6544.0,6487.666666666679,6447.997142857146,
2018-09-06,6725.0,6582.333333333346,6475.140000000004,
2018-09-05,7397.3,6888.766666666678,6623.325714285718,
2018-09-04,7410.0,7177.433333333345,6767.040000000004,
2018-09-03,7338.28,7381.8600000000115,6904.797142857147,
2018-09-02,7345.45,7364.576666666679,7034.00428571429,7140.342857142857
2018-09-01,7275.0,7319.576666666679,7147.861428571433,
2018-08-31,7089.0,7236.483333333345,7225.718571428575,
2018-08-30,7063.63,7142.543333333346,7274.094285714289,
2018-08-29,7133.81,7095.480000000013,7236.45285714286,
2018-08-28,7135.0,7110.813333333346,7197.167142857145,
2018-08-27,6940.51,7069.773333333346,7140.34285714286,
2018-08-26,6775.27,6950.260000000013,7058.888571428576,6682.685714285714
2018-08-25,6789.0,6834.92666666668,6989.460000000005,
2018-08-24,6725.0,6763.090000000014,6937.460000000005,
2018-08-23,6576.99,6696.99666666668,6867.940000000004,
2018-08-22,6882.54,6728.17666666668,6832.044285714291,
2018-08-21,6500.0,6653.17666666668,6741.3300000000045,
2018-08-20,6530.0,6637.513333333346,6682.685714285719,
2018-08-19,6541.0,6523.666666666679,6649.218571428575,6518.618571428572
2018-08-18,6620.0,6563.666666666679,6625.075714285718,
2018-08-17,6585.0,6582.000000000012,6605.075714285718,
2018-08-16,6480.0,6561.666666666679,6591.220000000004,
2018-08-15,6609.0,6558.000000000012,6552.142857142861,
2018-08-14,6250.33,6446.443333333346,6516.475714285719,
2018-08-13,6545.0,6468.110000000012,6518.618571428576,
2018-08-12,6472.3,6422.543333333346,6508.804285714291,6741.570000000001
2018-08-11,6488.0,6501.76666666668,6489.947142857148,
2018-08-10,6575.88,6512.060000000013,6488.64428571429,
2018-08-09,6622.81,6562.230000000014,6509.0457142857185,
2018-08-08,6721.54,6640.076666666681,6525.122857142861,
2018-08-07,7150.46,6831.603333333347,6653.712857142861,
2018-08-06,7160.0,7010.66666666668,6741.570000000004,
2018-08-05,7089.87,7133.443333333346,6829.79428571429,7719.591428571429
2018-08-04,7494.81,7248.22666666668,6973.624285714289,
2018-08-03,7540.0,7374.893333333347,7111.355714285718,
2018-08-02,7709.46,7581.423333333347,7266.5914285714325,
2018-08-01,7750.0,7666.486666666679,7413.51428571429,
2018-07-31,8180.0,7879.820000000013,7560.5914285714325,
2018-07-30,8273.0,8067.66666666668,7719.5914285714325,
2018-07-29,8294.51,8249.170000000013,7891.682857142861,8278.93
2018-07-28,8246.54,8271.350000000013,7999.072857142862,
2018-07-27,8285.0,8275.350000000013,8105.501428571433,
2018-07-26,8315.69,8282.410000000013,8192.105714285719,
2018-07-25,8491.77,8364.153333333348,8298.072857142863,
2018-07-24,8486.0,8431.153333333348,8341.787142857149,
2018-07-23,7833.0,8270.25666666668,8278.930000000006,
2018-07-22,7582.4,7967.133333333347,8177.200000000005,7445.931428571429
2018-07-21,7458.47,7624.623333333348,8064.618571428577,
2018-07-20,7700.0,7580.2900000000145,7981.047142857148,
2018-07-19,7576.28,7578.250000000015,7875.417142857148,
2018-07-18,7588.08,7621.453333333348,7746.318571428577,
2018-07-17,7468.99,7544.450000000014,7601.031428571434,
2018-07-16,6747.3,7268.123333333348,7445.9314285714345,
2018-07-15,6395.0,6870.430000000015,7276.302857142863,6478.477142857142
2018-07-14,6335.0,6492.433333333349,7115.807142857148,
2018-07-13,6350.0,6360.0000000000155,6922.950000000005,
2018-07-12,6380.28,6355.093333333349,6752.092857142862,
2018-07-11,6406.0,6378.760000000016,6583.224285714291,
2018-07-10,6681.0,6489.093333333349,6470.654285714291,
2018-07-09,6802.06,6629.686666666683,6478.477142857148,
2018-07-08,6780.0,6754.35333333335,6533.477142857148,6729.71
2018-07-07,6818.16,6800.073333333349,6602.500000000005,
2018-07-06,6648.54,6748.900000000016,6645.148571428575,
2018-07-05,6712.0,6726.233333333349,6692.537142857147,
2018-07-04,6784.92,6715.153333333349,6746.668571428576,
2018-07-03,6679.35,6725.42333333335,6746.432857142861,
2018-07-02,6685.0,6716.42333333335,6729.710000000005,
2018-07-01,6441.06,6601.803333333349,6681.290000000004,6322.29
2018-06-30,6528.99,6551.683333333349,6639.980000000004,
2018-06-29,6300.0,6423.350000000016,6590.188571428575,
2018-06-28,6173.01,6334.0000000000155,6513.190000000004,
2018-06-27,6190.43,6221.146666666682,6428.262857142862,
2018-06-26,6272.54,6211.993333333349,6370.147142857148,
2018-06-25,6350.0,6270.990000000015,6322.290000000005,
2018-06-24,6259.8,6294.113333333348,6296.39571428572,6643.160000000001
2018-06-23,6260.0,6289.933333333348,6257.968571428578,
2018-06-22,6733.97,6417.923333333348,6319.964285714292,
2018-06-21,6795.0,6596.323333333348,6408.820000000006,
2018-06-20,6817.23,6782.066666666681,6498.3628571428635,
2018-06-19,6841.74,6817.990000000015,6579.677142857149,
2018-06-18,6794.38,6817.783333333348,6643.160000000005,
2018-06-17,6589.03,6741.716666666682,6690.1928571428625,6710.828571428572
2018-06-16,6560.0,6647.803333333349,6733.050000000005,
2018-06-15,6666.66,6605.230000000015,6723.434285714291,
2018-06-14,6720.0,6648.886666666683,6712.720000000006,
2018-06-13,6627.6,6671.4200000000155,6685.630000000005,
2018-06-12,6890.51,6746.036666666682,6692.597142857148,
2018-06-11,6922.0,6813.370000000016,6710.828571428577,
2018-06-10,7491.73,7101.413333333349,6839.78571428572,7683.317142857143
2018-06-09,7683.98,7365.90333333335,7000.354285714291,
2018-06-08,7703.5,7626.40333333335,7148.474285714291,
2018-06-07,7765.0,7717.49333333335,7297.760000000005,
2018-06-06,7699.0,7722.500000000017,7450.817142857149,
2018-06-05,7679.49,7714.496666666683,7563.5285714285765,
2018-06-04,7760.52,7713.0033333333495,7683.317142857147,
2018-06-03,7786.69,7742.233333333349,7725.454285714291,7619.652857142858
2018-06-02,7697.33,7748.180000000018,7727.361428571435,
2018-06-01,7608.55,7697.52333333335,7713.797142857149,
2018-05-31,7699.0,7668.29333333335,7704.3685714285775,
2018-05-30,7569.0,7625.516666666685,7685.797142857149,
2018-05-29,7540.0,7602.666666666685,7665.870000000007,
2018-05-28,7437.0,7515.333333333351,7619.652857142864,
2018-05-27,7400.0,7459.000000000018,7564.411428571436,7918.238571428571
2018-05-26,7620.0,7485.666666666685,7553.364285714292,
2018-05-25,7649.55,7556.516666666685,7559.221428571435,
2018-05-24,7730.73,7666.7600000000175,7563.754285714292,
2018-05-23,8031.9,7804.060000000017,7629.882857142863,
2018-05-22,8400.18,8054.270000000018,7752.765714285721,
2018-05-21,8595.31,8342.463333333351,7918.238571428577,
2018-05-20,8609.0,8534.830000000018,8090.952857142863,8566.427142857141
2018-05-19,8390.8,8531.703333333351,8201.06714285715,
2018-05-18,8273.21,8424.336666666684,8290.161428571435,
2018-05-17,8464.0,8376.00333333335,8394.914285714292,
2018-05-16,8488.0,8408.403333333352,8460.071428571437,
2018-05-15,8859.99,8603.996666666686,8525.758571428578,
2018-05-14,8879.99,8742.660000000018,8566.42714285715,
2018-05-13,8763.36,8834.446666666685,8588.478571428579,9196.79
2018-05-12,8646.88,8763.410000000018,8625.061428571436,
2018-05-11,9016.8,8809.013333333352,8731.288571428579,
2018-05-10,9395.12,9019.60000000002,8864.305714285723,
2018-05-09,9390.0,9267.306666666687,8993.162857142865,
2018-05-08,9475.7,9420.273333333356,9081.121428571436,
2018-05-07,9689.67,9518.456666666689,9196.79000000001,
2018-05-06,9970.0,9711.790000000023,9369.167142857152,9662.81
2018-05-05,10020.0,9893.223333333355,9565.32714285715,
2018-05-04,9830.04,9940.013333333356,9681.504285714293,
2018-05-03,9844.0,9898.013333333356,9745.630000000006,
2018-05-02,9268.0,9647.346666666688,9728.201428571436,
2018-05-01,9248.99,9453.663333333354,9695.814285714294,
2018-04-30,9458.64,9325.210000000021,9662.810000000009,
2018-04-29,9570.51,9426.046666666689,9605.740000000007,9453.757142857141
2018-04-28,9427.48,9485.543333333357,9521.094285714293,
2018-04-27,9395.0,9464.330000000024,9458.945714285723,
2018-04-26,9307.48,9376.653333333357,9382.300000000007,
2018-04-25,9759.82,9487.433333333358,9452.560000000007,
2018-04-24,9731.01,9599.43666666669,9521.420000000004,
2018-04-23,8985.0,9491.943333333356,9453.757142857148,
2018-04-22,9020.67,9245.560000000025,9375.208571428577,8587.257142857143
2018-04-21,9035.0,9013.556666666691,9319.140000000005,
2018-04-20,8930.0,8995.223333333357,9252.711428571434,
2018-04-19,8296.0,8753.666666666692,9108.214285714292,
2018-04-18,8236.43,8487.476666666691,8890.58714285715,
2018-04-17,8173.7,8235.37666666669,8668.114285714293,
2018-04-16,8419.0,8276.37666666669,8587.25714285715,
2018-04-15,8429.54,8340.74666666669,8502.810000000009,7703.737142857142
2018-04-14,8186.0,8344.84666666669,8381.524285714293,
2018-04-13,8233.39,8282.97666666669,8282.00857142858,
2018-04-12,8012.23,8143.873333333354,8241.470000000007,
2018-04-11,6990.0,7745.206666666687,8063.408571428578,
2018-04-10,6890.0,7297.410000000021,7880.022857142865,
2018-04-09,7185.0,7021.666666666687,7703.7371428571505,
2018-04-08,7109.13,7061.376666666688,7515.10714285715,7143.378571428571
2018-04-07,7070.0,7121.376666666688,7355.678571428579,
2018-04-06,6850.0,7009.710000000021,7158.051428571436,
2018-04-05,6902.0,6940.666666666687,6999.44714285715,
2018-04-04,7427.52,7059.840000000021,7061.950000000007,
2018-04-03,7520.0,7283.173333333354,7151.950000000007,
2018-04-02,7125.0,7357.506666666687,7143.378571428579,
2018-04-01,7049.98,7231.660000000021,7134.928571428579,7768.657142857143
2018-03-31,7223.36,7132.780000000021,7156.83714285715,
2018-03-30,7292.43,7188.590000000021,7220.041428571436,
2018-03-29,7975.0,7496.930000000021,7373.327142857151,
2018-03-28,8109.0,7792.143333333354,7470.681428571435,
2018-03-27,8215.94,8099.9800000000205,7570.1014285714355,
2018-03-26,8514.89,8279.943333333353,7768.65714285715,
2018-03-25,8669.85,8466.893333333353,8000.0671428571495,8944.434285714286
2018-03-24,8999.95,8728.23000000002,8253.865714285721,
2018-03-23,8909.0,8859.60000000002,8484.804285714292,
2018-03-22,9100.0,9002.983333333354,8645.518571428576,
2018-03-21,9177.01,9062.003333333354,8798.091428571433,
2018-03-20,9050.0,9109.003333333356,8917.24285714286,
2018-03-19,8705.23,8977.413333333354,8944.43428571429,
2018-03-18,8317.4,8690.876666666687,8894.084285714289,8914.902857142857
2018-03-17,8348.62,8457.083333333356,8801.037142857147,
2018-03-16,8611.64,8425.886666666689,8758.557142857146,
2018-03-15,8430.0,8463.42000000002,8662.842857142861,
2018-03-14,9333.78,8791.806666666685,8685.238571428574,
2018-03-13,9474.0,9079.260000000018,8745.810000000001,
2018-03-12,9888.88,9565.553333333351,8914.90285714286,
2018-03-11,9740.0,9700.96000000002,9118.13142857143,10400.42857142857
2018-03-10,9490.0,9706.293333333351,9281.185714285715,
2018-03-09,9410.0,9546.666666666686,9395.237142857146,
2018-03-08,10099.0,9666.333333333352,9633.665714285717,
2018-03-07,10899.0,10136.00000000002,9857.268571428574,
2018-03-06,11455.0,10817.666666666686,10140.268571428574,
2018-03-05,11710.0,11354.666666666686,10400.428571428574,
2018-03-04,11565.0,11576.666666666686,10661.142857142859,11111.675714285713
2018-03-03,11544.0,11606.333333333352,10954.571428571431,
2018-03-02,11200.0,11436.333333333352,11210.285714285716,
2018-03-01,11060.41,11268.136666666687,11347.630000000003,
2018-02-28,11098.0,11119.470000000021,11376.058571428573,
2018-02-27,10870.0,11009.470000000021,11292.487142857146,
2018-02-26,10444.32,10804.106666666687,11111.675714285715,
2018-02-25,9847.0,10387.106666666688,10866.247142857144,10864.635714285714
2018-02-24,10496.97,10262.763333333356,10716.67142857143,
2018-02-23,10435.0,10259.65666666669,10607.385714285716,
2018-02-22,10933.44,10621.803333333357,10589.247142857144,
2018-02-21,11304.03,10890.823333333356,10618.680000000002,
2018-02-20,11786.01,11341.160000000024,10749.538571428571,
2018-02-19,11250.0,11446.680000000022,10864.635714285716,
2018-02-18,11274.0,11436.670000000022,11068.492857142859,10045.79142857143
2018-02-17,11075.07,11199.690000000022,11151.078571428574,
2018-02-16,10323.37,10890.813333333355,11135.13142857143,
2018-02-15,10219.5,10539.313333333355,11033.140000000001,
2018-02-14,9489.6,10010.823333333356,10773.935714285717,
2018-02-13,8950.0,9553.033333333355,10368.791428571432,
2018-02-12,8989.0,9142.866666666689,10045.791428571432,
2018-02-11,8549.0,8829.333333333356,9656.505714285717,8419.082857142857
2018-02-10,9065.78,8867.926666666688,9369.46428571429,
2018-02-09,8738.0,8784.260000000022,9142.98285714286,
2018-02-08,7844.0,8549.260000000022,8803.62571428572,
2018-02-07,8476.0,8352.666666666688,8658.82571428572,
2018-02-06,7878.0,8066.000000000022,8505.682857142861,
2018-02-05,8382.8,8245.600000000022,8419.082857142861,
2018-02-04,9368.0,8542.933333333354,8536.082857142861,10305.042857142858
2018-02-03,9473.01,9074.603333333354,8594.258571428576,
2018-02-02,9250.0,9363.670000000022,8667.401428571433,
2018-02-01,10335.0,9686.003333333356,9023.258571428576,
2018-01-31,10425.85,10003.616666666689,9301.808571428575,
2018-01-30,11308.42,10689.756666666688,9791.868571428577,
2018-01-29,11975.02,11236.430000000022,10305.042857142862,
2018-01-28,12244.0,11842.480000000023,10715.900000000005,11746.697142857143
2018-01-27,11650.0,11956.340000000024,11026.898571428577,
2018-01-26,11643.0,11845.666666666692,11368.75571428572,
2018-01-25,11794.05,11695.683333333358,11577.191428571434,
2018-01-24,11570.48,11669.17666666669,11740.710000000005,
2018-01-23,11399.0,11587.843333333358,11753.650000000005,
2018-01-22,11926.35,11631.943333333358,11746.697142857147,
2018-01-21,12799.8,12041.716666666694,11826.097142857148,12720.932857142858
2018-01-20,13099.0,12608.38333333336,12033.097142857148,
2018-01-19,11795.0,12564.600000000028,12054.811428571435,
2018-01-18,11878.82,12257.606666666694,12066.921428571432,
2018-01-17,11680.99,11784.936666666692,12082.708571428577,
2018-01-16,13542.93,12367.580000000025,12388.984285714292,
2018-01-15,14249.99,13157.970000000025,12720.932857142863,
2018-01-14,14339.5,14044.140000000027,12940.890000000005,14967.988571428572
2018-01-13,14580.0,14389.830000000025,13152.461428571434,
2018-01-12,14109.78,14343.09333333336,13483.144285714292,
2018-01-11,14968.68,14552.820000000027,13924.55285714286,
2018-01-10,14955.66,14678.040000000028,14392.36285714286,
2018-01-09,15500.0,15141.446666666694,14671.944285714288,
2018-01-08,16322.3,15592.653333333363,14967.988571428574,
2018-01-07,17099.96,16307.420000000027,15362.34,15899.847142857141
2018-01-06,17143.13,16855.13000000003,15728.50142857143,
2018-01-05,17176.24,17139.776666666698,16166.567142857146,
2018-01-04,15280.0,16533.123333333362,16211.04142857143,
2018-01-03,15307.56,15921.266666666697,16261.312857142857,
2018-01-02,15473.49,15353.683333333363,16257.525714285715,
2018-01-01,13818.55,14866.533333333364,15899.847142857145,
2017-12-31,14050.11,14447.383333333366,15464.154285714289,15116.857142857145
2017-12-30,14398.85,14089.170000000033,15072.114285714288,
2017-12-29,14981.0,14476.653333333365,14758.508571428572,
2017-12-28,15539.99,14973.28000000003,14795.650000000003,
2017-12-27,16498.05,15673.013333333363,14965.720000000003,
2017-12-26,16050.0,16029.346666666695,15048.078571428574,
2017-12-25,14300.0,15616.016666666697,15116.857142857145,
2017-12-24,13819.99,14723.33000000003,15083.98285714286,16821.31142857143
2017-12-23,14950.0,14356.663333333365,15162.718571428573,
2017-12-22,15699.34,14823.11000000003,15265.338571428572,
2017-12-21,17309.5,15986.28000000003,15518.125714285716,
2017-12-20,17720.35,16909.73000000003,15692.740000000002,
2017-12-19,18950.0,17993.283333333366,16107.025714285715,
2017-12-18,19300.0,18656.783333333366,16821.31142857143,
2017-12-17,19798.68,19349.56000000003,17675.409999999996,17823.73285714286
2017-12-16,19539.0,19545.89333333336,18330.981428571427,
2017-12-15,17991.0,19109.560000000027,18658.36142857143,
2017-12-14,16445.0,17991.666666666693,18534.86142857143,
2017-12-13,16546.0,16994.00000000003,18367.097142857143,
2017-12-12,16976.45,16655.816666666695,18085.161428571428,
2017-12-11,17470.0,16997.483333333363,17823.73285714286,
2017-12-10,15720.12,16722.190000000028,17241.08142857143,14701.8
2017-12-09,16269.3,16486.47333333336,16773.981428571427,
2017-12-08,17204.99,16398.136666666698,16661.694285714282,
2017-12-07,16649.96,16708.08333333336,16690.97428571428,
2017-12-06,13615.23,15823.39333333336,16272.292857142853,
2017-12-05,11853.0,14039.396666666691,15540.371428571425,
2017-12-04,11600.0,12356.076666666691,14701.799999999997,
2017-12-03,11825.0,11759.333333333358,14145.354285714284,11008.671666666667
2017-12-02,11190.0,11538.333333333358,13419.739999999996,
2017-12-01,10898.0,11304.333333333358,12518.741428571424,
2017-11-30,10900.0,10996.000000000024,11697.318571428568,
2017-11-29,11300.03,11032.67666666669,11366.575714285713,
2017-11-28,9939.0,10713.010000000024,11093.14714285714,
2017-11-27,9654.28,10297.770000000024,10815.187142857141,
2017-11-26,9350.0,9647.760000000024,10461.615714285712,
